turn,simYear,dtYears,population,rpPerYear,rpThisTurn
1,10,10,5245,3.185,31.848
2,20,10,5148,3.144,31.435
3,30,10,5153,3.146,31.456
4,40,10,5205,3.168,31.678
5,50,10,5229,3.178,31.78
6,60,10,5267,3.194,31.941
7,70,10,5314,3.214,32.14
8,80,10,5361,3.234,32.339
9,90,10,5398,3.249,32.494
10,100,10,5441,3.268,32.675
11,110,10,5501,3.293,32.927
12,120,10,5547,3.312,33.119
13,130,10,5595,3.332,33.319
14,140,10,5649,3.354,33.543
15,150,10,5684,3.369,33.688
16,160,10,5744,3.394,33.937
17,170,10,5784,3.41,34.102
18,180,10,5819,3.425,34.246
19,190,10,5873,3.447,34.468
20,200,10,5919,3.466,34.656
21,210,10,5969,3.486,34.86
22,220,10,6002,3.499,34.995
23,230,10,6047,3.518,35.178
24,240,10,6106,3.542,35.418
25,250,10,6139,3.555,35.551
26,260,10,6189,3.575,35.754
27,270,10,6235,3.594,35.939
28,280,10,6306,3.622,36.225
29,290,10,6338,3.635,36.353
30,300,10,6394,3.658,36.577
31,310,10,6434,3.674,36.737
32,320,10,6485,3.694,36.94
33,330,10,6532,3.713,37.127
34,340,10,6598,3.739,37.389
35,350,10,6642,3.756,37.563
36,360,10,6684,3.773,37.729
37,370,10,6740,3.795,37.95
38,380,10,6783,3.812,38.119
39,390,10,6839,3.834,38.338
40,400,10,6908,3.861,38.608
41,410,10,6939,3.873,38.729
42,420,10,6997,3.896,38.955
43,430,10,7052,3.917,39.169
44,440,10,7107,3.938,39.382
45,450,10,7159,3.958,39.584
46,460,10,7212,3.979,39.788
47,470,10,7281,4.005,40.054
48,480,10,7342,4.029,40.288
49,490,10,7376,4.042,40.419
50,500,10,7441,4.067,40.667
51,510,10,7499,4.089,40.888
52,520,10,7551,4.109,41.086
53,530,10,7605,4.129,41.292
54,540,10,7660,4.15,41.5
55,550,10,7723,4.174,41.738
56,560,10,7779,4.195,41.95
57,570,10,7835,4.216,42.161
58,580,10,7903,4.242,42.416
59,590,10,7956,4.261,42.615
60,600,10,8005,4.28,42.798
61,610,10,8071,4.304,43.044
62,620,10,8139,4.33,43.297
63,630,10,8187,4.348,43.476
64,640,10,8259,4.374,43.743
65,650,10,8312,4.394,43.939
66,660,10,8386,4.421,44.212
67,670,10,8434,4.439,44.388
68,680,10,8518,4.47,44.697
69,690,10,8580,4.492,44.924
70,700,10,8636,4.513,45.129
71,710,10,8718,4.543,45.428
72,720,10,8762,4.559,45.588
73,730,10,8848,4.59,45.9
74,740,10,8908,4.612,46.118
75,750,10,8972,4.635,46.349
76,760,10,9033,4.657,46.569
77,770,10,9117,4.687,46.871
78,780,10,9194,4.715,47.148
79,790,10,9250,4.735,47.348
80,800,10,9332,4.764,47.641
81,810,10,9392,4.786,47.855
82,820,10,9469,4.813,48.129
83,830,10,9547,4.841,48.406
84,840,10,9613,4.864,48.639
85,850,10,9656,4.879,48.791
86,860,10,9727,4.904,49.042
87,870,10,9793,4.927,49.274
88,880,10,9872,4.955,49.552
89,890,10,9946,4.981,49.811
90,900,10,10015,5.005,50.052
91,910,10,10099,5.035,50.345
92,920,10,10177,5.062,50.617
93,930,10,10248,5.086,50.864
94,940,10,10318,5.111,51.106
95,950,10,10414,5.144,51.438
96,960,10,10484,5.168,51.679
97,970,10,10569,5.197,51.972
98,980,10,10657,5.227,52.274
99,990,10,10732,5.253,52.531
100,1000,10,10807,5.279,52.787
101,1010,10,10903,5.311,53.115
102,1020,10,10986,5.34,53.397
103,1030,10,11056,5.363,53.634
104,1040,10,11159,5.398,53.983
105,1050,10,11221,5.419,54.193
106,1060,10,11314,5.451,54.506
107,1070,10,11396,5.478,54.782
108,1080,10,11486,5.508,55.084
109,1090,10,11567,5.536,55.355
110,1100,10,11676,5.572,55.719
111,1110,10,11757,5.599,55.989
112,1120,10,11846,5.629,56.285
113,1130,10,11923,5.654,56.541
114,1140,10,12023,5.687,56.872
115,1150,10,12115,5.718,57.176
116,1160,10,12206,5.748,57.475
117,1170,10,12297,5.777,57.775
118,1180,10,12392,5.809,58.086
119,1190,10,12482,5.838,58.381
120,1200,10,12581,5.87,58.704
121,1210,10,12667,5.898,58.984
122,1220,10,12767,5.931,59.309
123,1230,10,12866,5.963,59.63
124,1240,10,12969,5.996,59.964
125,1250,10,13064,6.027,60.27
126,1260,10,13142,6.052,60.522
127,1270,10,13240,6.084,60.837
128,1280,10,13359,6.122,61.218
129,1290,10,13442,6.148,61.484
130,1300,10,13554,6.184,61.842
131,1310,10,13649,6.214,62.144
132,1320,10,13755,6.248,62.481
133,1330,10,13850,6.278,62.783
134,1340,10,13970,6.316,63.162
135,1350,10,14072,6.348,63.484
136,1360,10,14191,6.386,63.859
137,1370,10,14299,6.42,64.198
138,1380,10,14407,6.454,64.537
139,1390,10,14515,6.487,64.875
140,1400,10,14614,6.518,65.184
141,1410,10,14728,6.554,65.539
142,1420,10,14851,6.592,65.921
143,1430,10,14961,6.626,66.262
144,1440,10,15073,6.661,66.608
145,1450,10,15186,6.696,66.957
146,1460,10,15304,6.732,67.32
147,1470,10,15421,6.768,67.679
148,1480,10,15539,6.804,68.041
149,1490,10,15660,6.841,68.411
150,1500,10,15774,6.876,68.758
151,1510,10,15894,6.912,69.124
152,1520,10,16033,6.955,69.546
153,1530,10,16140,6.987,69.87
154,1540,10,16264,7.024,70.244
155,1550,10,16379,7.059,70.591
156,1560,10,16509,7.098,70.982
157,1570,10,16640,7.138,71.376
158,1580,10,16782,7.18,71.801
159,1590,10,16892,7.213,72.129
160,1600,10,17013,7.249,72.49
161,1610,10,17163,7.294,72.936
162,1620,10,17297,7.333,73.334
163,1630,10,17414,7.368,73.68
164,1640,10,17551,7.408,74.085
165,1650,10,17690,7.449,74.495
166,1660,10,17812,7.485,74.853
167,1670,10,17954,7.527,75.27
168,1680,10,18097,7.569,75.688
169,1690,10,18222,7.605,76.053
170,1700,10,18338,7.639,76.392
171,1710,10,18492,7.684,76.839
172,1720,10,18609,7.718,77.179
173,1730,10,18754,7.76,77.599
174,1740,10,18890,7.799,77.992
175,1750,10,19041,7.843,78.427
176,1760,10,19189,7.885,78.852
177,1770,10,19338,7.928,79.28
178,1780,10,19479,7.968,79.684
179,1790,10,19634,8.013,80.126
180,1800,10,19774,8.053,80.525
181,1810,10,19936,8.099,80.986
182,1820,10,20077,8.139,81.386
183,1830,10,20241,8.185,81.85
184,1840,10,20381,8.224,82.245
185,1850,10,20535,8.268,82.679
186,1860,10,20698,8.314,83.137
187,1870,10,20863,8.36,83.6
188,1880,10,21011,8.401,84.014
189,1890,10,21162,8.444,84.435
190,1900,10,21322,8.488,84.881
191,1910,10,21487,8.534,85.34
192,1920,10,21646,8.578,85.781
193,1930,10,21809,8.623,86.232
194,1940,10,21965,8.666,86.662
195,1950,10,22141,8.715,87.147
196,1960,10,22315,8.763,87.625
197,1970,10,22482,8.808,88.083
198,1980,10,22644,8.853,88.526
199,1990,10,22806,8.897,88.968
200,2000,10,22989,8.947,89.467
201,2010,10,23171,8.996,89.961
202,2020,10,23333,9.04,90.4
203,2030,10,23524,9.092,90.917
204,2040,10,23697,9.138,91.384
205,2050,10,23872,9.186,91.855
206,2060,10,24058,9.235,92.355
207,2070,10,24247,9.286,92.861
208,2080,10,24434,9.336,93.361
209,2090,10,24612,9.384,93.836
210,2100,10,24813,9.437,94.371
211,2110,10,24983,9.482,94.823
212,2120,10,25176,9.533,95.334
213,2130,10,25357,9.581,95.813
214,2140,10,25553,9.633,96.33
215,2150,10,25748,9.684,96.843
216,2160,10,25931,9.732,97.323
217,2170,10,26116,9.781,97.808
218,2180,10,26317,9.833,98.334
219,2190,10,26520,9.886,98.863
220,2200,10,26732,9.942,99.415
221,2210,10,26914,9.989,99.888
222,2220,10,27132,10.045,100.453
223,2230,10,27335,10.098,100.977
224,2240,10,27538,10.15,101.501
225,2250,10,27745,10.203,102.034
226,2260,10,27965,10.26,102.598
227,2270,10,28186,10.316,103.164
228,2280,10,28392,10.369,103.691
229,2290,10,28599,10.422,104.219
230,2300,10,28835,10.482,104.819
231,2310,10,29040,10.534,105.339
232,2320,10,29275,10.593,105.934
233,2330,10,29500,10.65,106.503
234,2340,10,29726,10.707,107.073
235,2350,10,29942,10.762,107.616
236,2360,10,30179,10.821,108.21
237,2370,10,30409,10.879,108.786
238,2380,10,30646,10.938,109.378
239,2390,10,30881,10.996,109.964
240,2400,10,31110,11.053,110.533
241,2410,10,31347,11.112,111.121
242,2420,10,31595,11.173,111.735
243,2430,10,31829,11.231,112.313
244,2440,10,32073,11.291,112.914
245,2450,10,32321,11.352,113.523
246,2460,10,32571,11.414,114.136
247,2470,10,32815,11.473,114.733
248,2480,10,33065,11.534,115.343
249,2490,10,33303,11.592,115.923
250,2500,10,33575,11.658,116.584
251,2505,5,33700,11.689,58.444
252,2510,5,33838,11.722,58.611
253,2515,5,33952,11.75,58.749
254,2520,5,34080,11.781,58.904
255,2525,5,34226,11.816,59.08
256,2530,5,34362,11.849,59.244
257,2535,5,34461,11.873,59.363
258,2540,5,34617,11.91,59.551
259,2545,5,34749,11.942,59.709
260,2550,5,34871,11.971,59.856
261,2555,5,35012,12.005,60.025
262,2560,5,35142,12.036,60.181
263,2565,5,35273,12.067,60.337
264,2570,5,35395,12.097,60.483
265,2575,5,35538,12.131,60.654
266,2580,5,35690,12.167,60.835
267,2585,5,35798,12.193,60.964
268,2590,5,35941,12.227,61.134
269,2595,5,36086,12.261,61.306
270,2600,5,36219,12.293,61.464
271,2605,5,36353,12.325,61.623
272,2610,5,36497,12.359,61.793
273,2615,5,36646,12.394,61.969
274,2620,5,36765,12.422,62.11
275,2625,5,36914,12.457,62.286
276,2630,5,37037,12.486,62.431
277,2635,5,37186,12.521,62.606
278,2640,5,37331,12.555,62.777
279,2645,5,37471,12.588,62.941
280,2650,5,37613,12.622,63.108
281,2655,5,37757,12.655,63.277
282,2660,5,37896,12.688,63.439
283,2665,5,38021,12.717,63.586
284,2670,5,38160,12.75,63.748
285,2675,5,38315,12.786,63.929
286,2680,5,38460,12.82,64.098
287,2685,5,38593,12.851,64.253
288,2690,5,38746,12.886,64.431
289,2695,5,38880,12.917,64.586
290,2700,5,39038,12.954,64.77
291,2705,5,39174,12.985,64.927
292,2710,5,39315,13.018,65.091
293,2715,5,39470,13.054,65.27
294,2720,5,39616,13.088,65.439
295,2725,5,39770,13.123,65.616
296,2730,5,39935,13.161,65.806
297,2735,5,40080,13.195,65.973
298,2740,5,40217,13.226,66.131
299,2745,5,40385,13.265,66.324
300,2750,5,40539,13.3,66.501
301,2755,5,40686,13.334,66.669
302,2760,5,40846,13.37,66.852
303,2765,5,40993,13.404,67.02
304,2770,5,41141,13.438,67.189
305,2775,5,41305,13.475,67.376
306,2780,5,41473,13.514,67.568
307,2785,5,41617,13.546,67.732
308,2790,5,41797,13.587,67.936
309,2795,5,41944,13.621,68.103
310,2800,5,42103,13.657,68.284
311,2805,5,42265,13.693,68.467
312,2810,5,42425,13.73,68.648
313,2815,5,42545,13.757,68.784
314,2820,5,42715,13.795,68.976
315,2825,5,42876,13.831,69.157
316,2830,5,43034,13.867,69.335
317,2835,5,43192,13.903,69.513
318,2840,5,43366,13.942,69.709
319,2845,5,43533,13.979,69.896
320,2850,5,43691,14.015,70.074
321,2855,5,43846,14.049,70.247
322,2860,5,44032,14.091,70.455
323,2865,5,44179,14.124,70.62
324,2870,5,44359,14.164,70.821
325,2875,5,44526,14.201,71.007
326,2880,5,44701,14.24,71.202
327,2885,5,44873,14.279,71.393
328,2890,5,45028,14.313,71.566
329,2895,5,45194,14.35,71.75
330,2900,5,45378,14.391,71.954
331,2905,5,45551,14.429,72.146
332,2910,5,45719,14.466,72.332
333,2915,5,45881,14.502,72.511
334,2920,5,46070,14.544,72.719
335,2925,5,46230,14.579,72.896
336,2930,5,46419,14.621,73.104
337,2935,5,46608,14.662,73.312
338,2940,5,46782,14.701,73.503
339,2945,5,46956,14.739,73.694
340,2950,5,47125,14.776,73.879
341,2955,5,47312,14.817,74.084
342,2960,5,47487,14.855,74.275
343,2965,5,47681,14.897,74.487
344,2970,5,47859,14.936,74.682
345,2975,5,48025,14.973,74.863
346,2980,5,48221,15.015,75.076
347,2985,5,48402,15.055,75.273
348,2990,5,48590,15.095,75.477
349,2995,5,48771,15.135,75.674
350,3000,5,48956,15.175,75.874
351,3005,5,49143,15.215,76.077
352,3010,5,49332,15.256,76.281
353,3015,5,49511,15.295,76.474
354,3020,5,49719,15.34,76.699
355,3025,5,49886,15.376,76.879
356,3030,5,50073,15.416,77.08
357,3035,5,50276,15.46,77.298
358,3040,5,50459,15.499,77.495
359,3045,5,50649,15.54,77.699
360,3050,5,50841,15.581,77.904
361,3055,5,51006,15.616,78.081
362,3060,5,51217,15.661,78.307
363,3065,5,51397,15.7,78.499
364,3070,5,51593,15.742,78.708
365,3075,5,51796,15.785,78.924
366,3080,5,51990,15.826,79.131
367,3085,5,52172,15.865,79.324
368,3090,5,52383,15.91,79.549
369,3095,5,52577,15.951,79.754
370,3100,5,52790,15.996,79.98
371,3105,5,52980,16.036,80.181
372,3110,5,53165,16.075,80.377
373,3115,5,53378,16.12,80.602
374,3120,5,53589,16.165,80.824
375,3125,5,53798,16.209,81.045
376,3130,5,53994,16.25,81.251
377,3135,5,54199,16.293,81.466
378,3140,5,54402,16.336,81.679
379,3145,5,54622,16.382,81.91
380,3150,5,54819,16.423,82.117
381,3155,5,55030,16.467,82.337
382,3160,5,55242,16.512,82.559
383,3165,5,55446,16.554,82.772
384,3170,5,55651,16.597,82.986
385,3175,5,55874,16.644,83.218
386,3180,5,56089,16.688,83.442
387,3185,5,56307,16.734,83.668
388,3190,5,56517,16.777,83.886
389,3195,5,56736,16.823,84.113
390,3200,5,56944,16.866,84.329
391,3205,5,57168,16.912,84.56
392,3210,5,57380,16.956,84.78
393,3215,5,57600,17.001,85.007
394,3220,5,57835,17.05,85.249
395,3225,5,58046,17.093,85.466
396,3230,5,58260,17.137,85.686
397,3235,5,58485,17.183,85.917
398,3240,5,58698,17.227,86.136
399,3245,5,58930,17.275,86.374
400,3250,5,59159,17.322,86.608
401,3255,5,59387,17.368,86.841
402,3260,5,59599,17.412,87.058
403,3265,5,59838,17.46,87.302
404,3270,5,60063,17.506,87.531
405,3275,5,60293,17.553,87.765
406,3280,5,60519,17.599,87.995
407,3285,5,60752,17.646,88.232
408,3290,5,60977,17.692,88.46
409,3295,5,61210,17.739,88.696
410,3300,5,61457,17.789,88.946
411,3305,5,61690,17.836,89.182
412,3310,5,61911,17.881,89.405
413,3315,5,62148,17.929,89.644
414,3320,5,62387,17.977,89.885
415,3325,5,62620,18.024,90.119
416,3330,5,62866,18.073,90.367
417,3335,5,63108,18.122,90.61
418,3340,5,63348,18.17,90.85
419,3345,5,63598,18.22,91.101
420,3350,5,63814,18.263,91.317
421,3355,5,64033,18.307,91.536
422,3360,5,64283,18.357,91.786
423,3365,5,64529,18.406,92.031
424,3370,5,64773,18.455,92.274
425,3375,5,65012,18.502,92.512
426,3380,5,65256,18.551,92.755
427,3385,5,65519,18.603,93.016
428,3390,5,65761,18.651,93.256
429,3395,5,66001,18.699,93.493
430,3400,5,66265,18.751,93.755
431,3405,5,66513,18.8,94
432,3410,5,66773,18.851,94.256
433,3415,5,67005,18.897,94.485
434,3420,5,67277,18.951,94.753
435,3425,5,67535,19.001,95.007
436,3430,5,67782,19.05,95.25
437,3435,5,68049,19.102,95.512
438,3440,5,68299,19.151,95.757
439,3445,5,68562,19.203,96.015
440,3450,5,68825,19.254,96.272
441,3455,5,69099,19.308,96.54
442,3460,5,69368,19.36,96.802
443,3465,5,69606,19.407,97.034
444,3470,5,69866,19.457,97.287
445,3475,5,70062,19.496,97.478
446,3480,5,70342,19.55,97.75
447,3485,5,70598,19.6,97.999
448,3490,5,70872,19.653,98.264
449,3495,5,71133,19.703,98.517
450,3500,5,71416,19.758,98.791
451,3505,5,71679,19.809,99.045
452,3510,5,71948,19.861,99.305
453,3515,5,72214,19.912,99.561
454,3520,5,72463,19.96,99.801
455,3525,5,72707,20.007,100.036
456,3530,5,72985,20.061,100.303
457,3535,5,73275,20.116,100.582
458,3540,5,73542,20.168,100.838
459,3545,5,73812,20.219,101.096
460,3550,5,74096,20.274,101.368
461,3555,5,74334,20.319,101.595
462,3560,5,74629,20.375,101.877
463,3565,5,74927,20.432,102.161
464,3570,5,75206,20.485,102.427
465,3575,5,75495,20.54,102.702
466,3580,5,75779,20.594,102.972
467,3585,5,76060,20.648,103.239
468,3590,5,76347,20.702,103.511
469,3595,5,76649,20.759,103.797
470,3600,5,76932,20.813,104.064
471,3605,5,77230,20.869,104.346
472,3610,5,77518,20.924,104.618
473,3615,5,77822,20.981,104.904
474,3620,5,78117,21.036,105.182
475,3625,5,78413,21.092,105.461
476,3630,5,78708,21.148,105.738
477,3635,5,79014,21.205,106.025
478,3640,5,79304,21.259,106.297
479,3645,5,79612,21.317,106.585
480,3650,5,79915,21.374,106.869
481,3655,5,80220,21.431,107.154
482,3660,5,80532,21.489,107.445
483,3665,5,80835,21.545,107.727
484,3670,5,81130,21.6,108.002
485,3675,5,81452,21.66,108.301
486,3680,5,81774,21.72,108.6
487,3685,5,82044,21.77,108.851
488,3690,5,82356,21.828,109.14
489,3695,5,82669,21.886,109.43
490,3700,5,82979,21.943,109.716
491,3705,5,83278,21.998,109.992
492,3710,5,83584,22.055,110.275
493,3715,5,83907,22.115,110.573
494,3720,5,84213,22.171,110.854
495,3725,5,84499,22.223,111.117
496,3730,5,84823,22.283,111.415
497,3735,5,85140,22.341,111.706
498,3740,5,85475,22.403,112.013
499,3745,5,85799,22.462,112.309
500,3750,5,86107,22.518,112.591
501,3755,5,86448,22.581,112.903
502,3760,5,86774,22.64,113.2
503,3765,5,87100,22.699,113.497
504,3770,5,87442,22.762,113.808
505,3775,5,87774,22.822,114.11
506,3780,5,88110,22.883,114.415
507,3785,5,88442,22.943,114.717
508,3790,5,88779,23.004,115.022
509,3795,5,89090,23.061,115.303
510,3800,5,89433,23.123,115.613
511,3805,5,89769,23.183,115.917
512,3810,5,90116,23.246,116.23
513,3815,5,90445,23.305,116.526
514,3820,5,90786,23.367,116.833
515,3825,5,91130,23.429,117.143
516,3830,5,91479,23.491,117.456
517,3835,5,91844,23.557,117.783
518,3840,5,92171,23.615,118.076
519,3845,5,92533,23.68,118.4
520,3850,5,92890,23.744,118.719
521,3855,5,93235,23.805,119.027
522,3860,5,93586,23.868,119.34
523,3865,5,93953,23.933,119.667
524,3870,5,94302,23.996,119.978
525,3875,5,94667,24.06,120.302
526,3880,5,95028,24.125,120.623
527,3885,5,95400,24.191,120.953
528,3890,5,95747,24.252,121.26
529,3895,5,96134,24.32,121.602
530,3900,5,96480,24.382,121.908
531,3905,5,96857,24.448,122.241
532,3910,5,97216,24.511,122.557
533,3915,5,97587,24.577,122.884
534,3920,5,97967,24.644,123.218
535,3925,5,98335,24.708,123.542
536,3930,5,98711,24.774,123.872
537,3935,5,99086,24.84,124.2
538,3940,5,99456,24.905,124.524
539,3945,5,99848,24.973,124.867
540,3950,5,100229,25.04,125.2
541,3955,5,100605,25.106,125.528
542,3960,5,100984,25.172,125.858
543,3965,5,101371,25.239,126.195
544,3970,5,101736,25.303,126.513
545,3975,5,102137,25.372,126.861
546,3980,5,102513,25.437,127.187
547,3985,5,102913,25.507,127.534
548,3990,5,103305,25.575,127.873
549,3995,5,103696,25.642,128.212
550,4000,5,104091,25.711,128.553
551,4005,5,104492,25.78,128.899
552,4010,5,104889,25.848,129.241
553,4015,5,105294,25.918,129.589
554,4020,5,105684,25.985,129.925
555,4025,5,106097,26.056,130.279
556,4030,5,106495,26.124,130.621
557,4035,5,106871,26.189,130.943
558,4040,5,107277,26.258,131.29
559,4045,5,107692,26.329,131.645
560,4050,5,108092,26.397,131.987
561,4055,5,108511,26.469,132.344
562,4060,5,108924,26.539,132.696
563,4065,5,109330,26.608,133.042
564,4070,5,109740,26.678,133.39
565,4075,5,110163,26.75,133.749
566,4080,5,110590,26.822,134.112
567,4085,5,111014,26.894,134.471
568,4090,5,111434,26.965,134.826
569,4095,5,111857,27.037,135.184
570,4100,5,112297,27.111,135.555
571,4105,5,112703,27.179,135.897
572,4110,5,113135,27.252,136.261
573,4115,5,113564,27.324,136.622
574,4120,5,113993,27.397,136.983
575,4125,5,114441,27.472,137.359
576,4130,5,114876,27.545,137.724
577,4135,5,115312,27.618,138.089
578,4140,5,115744,27.69,138.45
579,4145,5,116199,27.766,138.83
580,4150,5,116632,27.838,139.192
581,4155,5,117076,27.912,139.562
582,4160,5,117526,27.987,139.937
583,4165,5,117972,28.062,140.308
584,4170,5,118429,28.137,140.687
585,4175,5,118872,28.211,141.055
586,4180,5,119334,28.288,141.438
587,4185,5,119783,28.362,141.81
588,4190,5,120238,28.437,142.186
589,4195,5,120686,28.511,142.556
590,4200,5,121144,28.587,142.934
591,4205,5,121619,28.665,143.325
592,4210,5,122075,28.74,143.701
593,4215,5,122555,28.819,144.096
594,4220,5,123012,28.894,144.471
595,4225,5,123491,28.973,144.864
596,4230,5,123902,29.04,145.201
597,4235,5,124391,29.12,145.601
598,4240,5,124863,29.197,145.987
599,4245,5,125335,29.275,146.373
600,4250,5,125825,29.354,146.772
601,4255,5,126289,29.43,147.15
602,4260,5,126677,29.493,147.466
603,4265,5,127076,29.558,147.791
604,4270,5,127578,29.64,148.199
605,4275,5,128055,29.717,148.586
606,4280,5,128541,29.796,148.98
607,4285,5,129025,29.874,149.371
608,4290,5,129484,29.949,149.743
609,4295,5,129993,30.031,150.154
610,4300,5,130474,30.108,150.542
611,4305,5,130987,30.191,150.956
612,4310,5,131472,30.269,151.346
613,4315,5,131974,30.35,151.75
614,4320,5,132467,30.429,152.146
615,4325,5,132978,30.511,152.556
616,4330,5,133421,30.582,152.911
617,4335,5,133950,30.667,153.334
618,4340,5,134473,30.75,153.752
619,4345,5,134964,30.829,154.145
620,4350,5,135479,30.911,154.556
621,4355,5,135990,30.993,154.963
622,4360,5,136516,31.076,155.381
623,4365,5,137029,31.158,155.789
624,4370,5,137557,31.242,156.209
625,4375,5,138080,31.325,156.624
626,4380,5,138612,31.409,157.045
627,4385,5,139067,31.481,157.405
628,4390,5,139612,31.567,157.836
629,4395,5,140137,31.65,158.251
630,4400,5,140680,31.736,158.679
631,4405,5,141222,31.821,159.106
632,4410,5,141741,31.903,159.515
633,4415,5,142280,31.988,159.938
634,4420,5,142763,32.064,160.318
635,4425,5,143300,32.148,160.739
636,4430,5,143868,32.237,161.184
637,4435,5,144413,32.322,161.611
638,4440,5,144949,32.406,162.03
639,4445,5,145497,32.492,162.458
640,4450,5,146044,32.577,162.884
641,4455,5,146604,32.664,163.321
642,4460,5,147175,32.753,163.765
643,4465,5,147717,32.837,164.186
644,4470,5,148286,32.926,164.628
645,4475,5,148851,33.013,165.066
646,4480,5,149411,33.1,165.5
647,4485,5,149996,33.191,165.953
648,4490,5,150561,33.278,166.389
649,4495,5,151135,33.367,166.833
650,4500,5,151713,33.456,167.278
651,4503,3,152050,33.508,100.523
652,4506,3,152401,33.562,100.685
653,4509,3,152759,33.617,100.85
654,4512,3,153105,33.67,101.01
655,4515,3,153452,33.723,101.17
656,4518,3,153796,33.776,101.328
657,4521,3,154154,33.831,101.493
658,4524,3,154507,33.885,101.655
659,4527,3,154859,33.939,101.817
660,4530,3,155206,33.992,101.977
661,4533,3,155563,34.047,102.141
662,4536,3,155923,34.102,102.306
663,4539,3,156286,34.157,102.472
664,4542,3,156636,34.211,102.632
665,4545,3,157001,34.267,102.8
666,4548,3,157365,34.322,102.966
667,4551,3,157711,34.375,103.124
668,4554,3,158080,34.431,103.293
669,4557,3,158437,34.485,103.456
670,4560,3,158806,34.541,103.624
671,4563,3,159168,34.596,103.789
672,4566,3,159515,34.649,103.947
673,4569,3,159885,34.705,104.116
674,4572,3,160254,34.761,104.284
675,4575,3,160611,34.815,104.446
676,4578,3,160981,34.871,104.614
677,4581,3,161357,34.928,104.785
678,4584,3,161726,34.984,104.952
679,4587,3,162088,35.039,105.116
680,4590,3,162471,35.097,105.29
681,4593,3,162838,35.152,105.456
682,4596,3,163180,35.204,105.611
683,4599,3,163560,35.261,105.783
684,4602,3,163938,35.318,105.954
685,4605,3,164313,35.374,106.123
686,4608,3,164685,35.43,106.291
687,4611,3,165060,35.487,106.46
688,4614,3,165446,35.545,106.634
689,4617,3,165816,35.6,106.801
690,4620,3,166207,35.659,106.977
691,4623,3,166522,35.706,107.118
692,4626,3,166858,35.756,107.269
693,4629,3,167250,35.815,107.445
694,4632,3,167596,35.867,107.601
695,4635,3,167945,35.919,107.757
696,4638,3,168325,35.976,107.928
697,4641,3,168712,36.034,108.101
698,4644,3,169103,36.092,108.276
699,4647,3,169487,36.149,108.448
700,4650,3,169854,36.204,108.612
701,4653,3,170243,36.262,108.786
702,4656,3,170626,36.319,108.957
703,4659,3,171017,36.377,109.131
704,4662,3,171399,36.434,109.301
705,4665,3,171780,36.49,109.471
706,4668,3,172167,36.548,109.644
707,4671,3,172571,36.608,109.823
708,4674,3,172972,36.667,110.002
709,4677,3,173348,36.723,110.169
710,4680,3,173759,36.784,110.351
711,4683,3,174145,36.841,110.523
712,4686,3,174543,36.9,110.699
713,4689,3,174944,36.959,110.877
714,4692,3,175344,37.018,111.054
715,4695,3,175743,37.077,111.23
716,4698,3,176134,37.134,111.403
717,4701,3,176544,37.195,111.585
718,4704,3,176954,37.255,111.766
719,4707,3,177356,37.314,111.943
720,4710,3,177770,37.375,112.126
721,4713,3,178172,37.434,112.303
722,4716,3,178570,37.493,112.478
723,4719,3,178988,37.554,112.662
724,4722,3,179398,37.614,112.842
725,4725,3,179729,37.663,112.988
726,4728,3,180158,37.725,113.176
727,4731,3,180576,37.787,113.36
728,4734,3,180988,37.847,113.54
729,4737,3,181398,37.907,113.72
730,4740,3,181812,37.967,113.902
731,4743,3,182232,38.028,114.085
732,4746,3,182646,38.089,114.266
733,4749,3,183060,38.149,114.447
734,4752,3,183465,38.208,114.624
735,4755,3,183897,38.271,114.813
736,4758,3,184311,38.331,114.994
737,4761,3,184722,38.391,115.173
738,4764,3,185165,38.455,115.366
739,4767,3,185567,38.514,115.541
740,4770,3,185995,38.576,115.727
741,4773,3,186417,38.637,115.91
742,4776,3,186854,38.7,116.1
743,4779,3,187280,38.762,116.285
744,4782,3,187699,38.822,116.467
745,4785,3,188128,38.884,116.653
746,4788,3,188557,38.946,116.839
747,4791,3,188999,39.01,117.03
748,4794,3,189422,39.071,117.213
749,4797,3,189861,39.134,117.403
750,4800,3,190276,39.194,117.582
751,4803,3,190732,39.26,117.779
752,4806,3,191150,39.32,117.96
753,4809,3,191594,39.384,118.151
754,4812,3,192023,39.445,118.336
755,4815,3,192468,39.509,118.528
756,4818,3,192895,39.57,118.711
757,4821,3,193303,39.629,118.887
758,4824,3,193753,39.693,119.08
759,4827,3,194203,39.758,119.273
760,4830,3,194637,39.82,119.46
761,4833,3,195052,39.879,119.638
762,4836,3,195502,39.943,119.83
763,4839,3,195949,40.007,120.022
764,4842,3,196390,40.07,120.211
765,4845,3,196851,40.136,120.408
766,4848,3,197288,40.198,120.595
767,4851,3,197736,40.262,120.786
768,4854,3,198180,40.325,120.975
769,4857,3,198628,40.389,121.167
770,4860,3,199087,40.454,121.362
771,4863,3,199515,40.515,121.544
772,4866,3,199840,40.561,121.683
773,4869,3,200313,40.628,121.884
774,4872,3,200782,40.694,122.083
775,4875,3,201243,40.76,122.279
776,4878,3,201699,40.824,122.473
777,4881,3,202149,40.888,122.664
778,4884,3,202614,40.954,122.861
779,4887,3,203063,41.017,123.051
780,4890,3,203530,41.083,123.249
781,4893,3,203989,41.148,123.443
782,4896,3,204453,41.213,123.639
783,4899,3,204905,41.277,123.83
784,4902,3,205286,41.33,123.991
785,4905,3,205772,41.399,124.196
786,4908,3,206248,41.466,124.397
787,4911,3,206718,41.532,124.595
788,4914,3,207192,41.598,124.795
789,4917,3,207667,41.665,124.995
790,4920,3,208126,41.729,125.188
791,4923,3,208601,41.796,125.387
792,4926,3,209070,41.861,125.584
793,4929,3,209552,41.929,125.787
794,4932,3,210025,41.995,125.985
795,4935,3,210375,42.044,126.132
796,4938,3,210868,42.113,126.338
797,4941,3,211353,42.18,126.541
798,4944,3,211837,42.248,126.744
799,4947,3,212327,42.316,126.949
800,4950,3,212792,42.381,127.143
801,4953,3,213298,42.451,127.354
802,4956,3,213768,42.517,127.55
803,4959,3,214249,42.584,127.751
804,4962,3,214736,42.651,127.954
805,4965,3,215228,42.72,128.159
806,4968,3,215711,42.786,128.359
807,4971,3,216203,42.855,128.564
808,4974,3,216700,42.924,128.771
809,4977,3,217194,42.992,128.976
810,4980,3,217683,43.06,129.179
811,4983,3,218192,43.13,129.39
812,4986,3,218692,43.199,129.597
813,4989,3,219170,43.265,129.795
814,4992,3,219684,43.336,130.007
815,4995,3,220193,43.406,130.218
816,4998,3,220693,43.475,130.424
817,5001,3,221187,43.543,130.628
818,5004,3,221640,43.605,130.815
819,5007,3,222148,43.675,131.025
820,5010,3,222661,43.745,131.236
821,5013,3,223177,43.816,131.449
822,5016,3,223689,43.887,131.66
823,5019,3,224198,43.956,131.869
824,5022,3,224701,44.025,132.076
825,5025,3,225228,44.097,132.292
826,5028,3,225735,44.167,132.5
827,5031,3,226231,44.235,132.704
828,5034,3,226760,44.307,132.92
829,5037,3,227270,44.376,133.129
830,5040,3,227795,44.448,133.344
831,5043,3,228312,44.519,133.556
832,5046,3,228844,44.591,133.773
833,5049,3,229358,44.661,133.983
834,5052,3,229769,44.717,134.151
835,5055,3,230304,44.79,134.369
836,5058,3,230839,44.862,134.587
837,5061,3,231359,44.933,134.799
838,5064,3,231906,45.007,135.022
839,5067,3,232439,45.079,135.238
840,5070,3,232966,45.151,135.453
841,5073,3,233479,45.22,135.661
842,5076,3,234009,45.292,135.876
843,5079,3,234546,45.365,136.094
844,5082,3,235084,45.437,136.312
845,5085,3,235620,45.51,136.529
846,5088,3,236159,45.583,136.748
847,5091,3,236686,45.654,136.961
848,5094,3,237226,45.726,137.179
849,5097,3,237779,45.801,137.403
850,5100,3,238326,45.875,137.624
851,5103,3,238860,45.946,137.839
852,5106,3,239397,46.019,138.056
853,5109,3,239949,46.093,138.278
854,5112,3,240508,46.168,138.503
855,5115,3,241059,46.242,138.725
856,5118,3,241598,46.314,138.942
857,5121,3,242156,46.389,139.166
858,5124,3,242685,46.459,139.378
859,5127,3,243250,46.535,139.605
860,5130,3,243808,46.61,139.829
861,5133,3,244363,46.684,140.051
862,5136,3,244922,46.758,140.275
863,5139,3,245483,46.833,140.499
864,5142,3,246040,46.907,140.722
865,5145,3,246608,46.983,140.949
866,5148,3,247175,47.059,141.176
867,5151,3,247733,47.133,141.398
868,5154,3,248282,47.206,141.617
869,5157,3,248868,47.284,141.851
870,5160,3,249439,47.359,142.078
871,5163,3,250003,47.434,142.303
872,5166,3,250576,47.51,142.531
873,5169,3,251145,47.586,142.757
874,5172,3,251727,47.663,142.988
875,5175,3,252290,47.737,143.211
876,5178,3,252864,47.813,143.439
877,5181,3,253451,47.891,143.672
878,5184,3,254027,47.967,143.9
879,5187,3,254614,48.044,144.132
880,5190,3,255185,48.119,144.358
881,5193,3,255767,48.196,144.588
882,5196,3,256346,48.272,144.817
883,5199,3,256939,48.35,145.051
884,5202,3,257536,48.429,145.286
885,5205,3,258117,48.505,145.515
886,5208,3,258710,48.583,145.749
887,5211,3,259301,48.661,145.982
888,5214,3,259898,48.739,146.216
889,5217,3,260493,48.817,146.45
890,5220,3,261078,48.893,146.68
891,5223,3,261677,48.972,146.915
892,5226,3,262281,49.051,147.152
893,5229,3,262883,49.129,147.388
894,5232,3,263471,49.206,147.619
895,5235,3,264086,49.286,147.859
896,5238,3,264689,49.365,148.095
897,5241,3,265295,49.444,148.332
898,5244,3,265902,49.523,148.569
899,5247,3,266507,49.602,148.805
900,5250,3,267109,49.68,149.04
901,5253,3,267717,49.759,149.277
902,5256,3,268334,49.839,149.518
903,5259,3,268950,49.919,149.758
904,5262,3,269561,49.998,149.995
905,5265,3,270167,50.077,150.231
906,5268,3,270800,50.159,150.477
907,5271,3,271369,50.233,150.698
908,5274,3,271995,50.314,150.941
909,5277,3,272616,50.394,151.181
910,5280,3,273229,50.473,151.419
911,5283,3,273861,50.555,151.664
912,5286,3,274484,50.635,151.905
913,5289,3,275103,50.715,152.144
914,5292,3,275728,50.795,152.386
915,5295,3,276373,50.878,152.635
916,5298,3,276994,50.958,152.874
917,5301,3,277623,51.039,153.117
918,5304,3,278260,51.121,153.362
919,5307,3,278899,51.203,153.609
920,5310,3,279526,51.283,153.85
921,5313,3,280168,51.366,154.097
922,5316,3,280814,51.448,154.345
923,5319,3,281451,51.53,154.59
924,5322,3,282100,51.613,154.839
925,5325,3,282735,51.694,155.082
926,5328,3,283373,51.776,155.327
927,5331,3,284041,51.861,155.583
928,5334,3,284678,51.942,155.826
929,5337,3,285244,52.014,156.043
930,5340,3,285897,52.097,156.292
931,5343,3,286507,52.175,156.525
932,5346,3,287179,52.261,156.782
933,5349,3,287833,52.344,157.031
934,5352,3,288489,52.427,157.282
935,5355,3,289149,52.511,157.533
936,5358,3,289807,52.594,157.783
937,5361,3,290457,52.677,158.031
938,5364,3,291117,52.761,158.282
939,5367,3,291712,52.836,158.508
940,5370,3,292397,52.923,158.768
941,5373,3,293063,53.007,159.02
942,5376,3,293742,53.093,159.278
943,5379,3,294396,53.175,159.526
944,5382,3,295073,53.261,159.782
945,5385,3,295739,53.345,160.034
946,5388,3,296426,53.431,160.294
947,5391,3,297102,53.516,160.549
948,5394,3,297765,53.6,160.8
949,5397,3,298432,53.684,161.051
950,5400,3,299126,53.771,161.313
951,5402,2,299584,53.828,107.657
952,5404,2,300043,53.886,107.772
953,5406,2,300507,53.944,107.889
954,5408,2,300955,54.001,108.001
955,5410,2,301404,54.057,108.114
956,5412,2,301875,54.116,108.232
957,5414,2,302331,54.173,108.346
958,5416,2,302790,54.23,108.461
959,5418,2,303252,54.288,108.577
960,5420,2,303710,54.346,108.691
961,5422,2,304183,54.405,108.81
962,5424,2,304644,54.462,108.925
963,5426,2,305099,54.519,109.038
964,5428,2,305575,54.579,109.157
965,5430,2,306030,54.635,109.271
966,5432,2,306506,54.695,109.39
967,5434,2,306962,54.752,109.503
968,5436,2,307438,54.811,109.622
969,5438,2,307897,54.868,109.736
970,5440,2,308371,54.927,109.854
971,5442,2,308841,54.986,109.971
972,5444,2,309308,55.044,110.088
973,5446,2,309783,55.103,110.206
974,5448,2,310249,55.161,110.322
975,5450,2,310734,55.221,110.442
976,5452,2,311163,55.274,110.549
977,5454,2,311633,55.333,110.665
978,5456,2,312117,55.393,110.786
979,5458,2,312582,55.45,110.901
980,5460,2,313071,55.511,111.022
981,5462,2,313551,55.571,111.141
982,5464,2,314029,55.63,111.259
983,5466,2,314492,55.687,111.374
984,5468,2,314984,55.748,111.496
985,5470,2,315451,55.806,111.611
986,5472,2,315932,55.865,111.73
987,5474,2,316419,55.925,111.851
988,5476,2,316886,55.983,111.966
989,5478,2,317376,56.043,112.087
990,5480,2,317868,56.104,112.208
991,5482,2,318286,56.156,112.312
992,5484,2,318781,56.217,112.434
993,5486,2,319261,56.276,112.552
994,5488,2,319744,56.335,112.671
995,5490,2,320117,56.381,112.763
996,5492,2,320554,56.435,112.87
997,5494,2,321058,56.497,112.994
998,5496,2,321551,56.558,113.116
999,5498,2,322052,56.619,113.239
1000,5500,2,322542,56.68,113.359
1001,5502,2,323033,56.74,113.48
1002,5504,2,323524,56.8,113.6
1003,5506,2,324019,56.861,113.722
1004,5508,2,324504,56.92,113.841
1005,5510,2,324989,56.98,113.96
1006,5512,2,325482,57.04,114.08
1007,5514,2,325967,57.1,114.199
1008,5516,2,326465,57.161,114.321
1009,5518,2,326944,57.219,114.438
1010,5520,2,327450,57.281,114.562
1011,5522,2,327944,57.341,114.683
1012,5524,2,328434,57.401,114.803
1013,5526,2,328682,57.432,114.863
1014,5528,2,329211,57.496,114.992
1015,5530,2,329731,57.56,115.119
1016,5532,2,330235,57.621,115.242
1017,5534,2,330740,57.683,115.365
1018,5536,2,331252,57.745,115.49
1019,5538,2,331740,57.805,115.609
1020,5540,2,332247,57.866,115.733
1021,5542,2,332753,57.928,115.856
1022,5544,2,333252,57.989,115.977
1023,5546,2,333756,58.05,116.1
1024,5548,2,334250,58.11,116.22
1025,5550,2,334761,58.172,116.344
1026,5552,2,335263,58.233,116.466
1027,5554,2,335760,58.293,116.587
1028,5556,2,336275,58.356,116.712
1029,5558,2,336784,58.417,116.835
1030,5560,2,337298,58.48,116.96
1031,5562,2,337808,58.542,117.083
1032,5564,2,338322,58.604,117.208
1033,5566,2,338833,58.666,117.331
1034,5568,2,339358,58.729,117.458
1035,5570,2,339872,58.791,117.583
1036,5572,2,340386,58.853,117.707
1037,5574,2,340904,58.916,117.832
1038,5576,2,341433,58.98,117.96
1039,5578,2,341938,59.041,118.082
1040,5580,2,342463,59.104,118.209
1041,5582,2,342981,59.167,118.334
1042,5584,2,343498,59.229,118.458
1043,5586,2,344019,59.292,118.584
1044,5588,2,344488,59.348,118.697
1045,5590,2,345034,59.414,118.828
1046,5592,2,345461,59.465,118.931
1047,5594,2,346003,59.531,119.061
1048,5596,2,346536,59.595,119.189
1049,5598,2,347073,59.659,119.319
1050,5600,2,347596,59.722,119.444
1051,5602,2,348134,59.787,119.573
1052,5604,2,348656,59.849,119.699
1053,5606,2,349176,59.912,119.823
1054,5608,2,349705,59.975,119.95
1055,5610,2,350238,60.039,120.078
1056,5612,2,350783,60.104,120.209
1057,5614,2,351298,60.166,120.332
1058,5616,2,351838,60.231,120.461
1059,5618,2,352375,60.295,120.59
1060,5620,2,352899,60.357,120.715
1061,5622,2,353440,60.422,120.844
1062,5624,2,353977,60.486,120.973
1063,5626,2,354499,60.549,121.097
1064,5628,2,355049,60.614,121.229
1065,5630,2,355589,60.679,121.357
1066,5632,2,356141,60.745,121.489
1067,5634,2,356673,60.808,121.616
1068,5636,2,357210,60.872,121.744
1069,5638,2,357772,60.939,121.878
1070,5640,2,358302,61.002,122.004
1071,5642,2,358841,61.066,122.132
1072,5644,2,359390,61.131,122.263
1073,5646,2,359944,61.197,122.394
1074,5648,2,360490,61.262,122.524
1075,5650,2,361035,61.327,122.654
1076,5652,2,361590,61.393,122.785
1077,5654,2,362146,61.459,122.917
1078,5656,2,362699,61.524,123.048
1079,5658,2,363109,61.573,123.146
1080,5660,2,363681,61.641,123.281
1081,5662,2,364181,61.7,123.4
1082,5664,2,364746,61.767,123.533
1083,5666,2,365287,61.831,123.661
1084,5668,2,365852,61.898,123.795
1085,5670,2,366342,61.956,123.911
1086,5672,2,366915,62.023,124.046
1087,5674,2,367455,62.087,124.174
1088,5676,2,368024,62.154,124.308
1089,5678,2,368590,62.221,124.442
1090,5680,2,369139,62.286,124.572
1091,5682,2,369705,62.352,124.705
1092,5684,2,370261,62.418,124.836
1093,5686,2,370809,62.483,124.965
1094,5688,2,371369,62.549,125.097
1095,5690,2,371921,62.613,125.227
1096,5692,2,372496,62.681,125.362
1097,5694,2,373047,62.746,125.492
1098,5696,2,373618,62.813,125.626
1099,5698,2,374190,62.88,125.76
1100,5700,2,374753,62.946,125.893
1101,5702,2,375322,63.013,126.026
1102,5704,2,375844,63.074,126.149
1103,5706,2,376415,63.141,126.283
1104,5708,2,376897,63.198,126.396
1105,5710,2,377481,63.266,126.533
1106,5712,2,378072,63.336,126.671
1107,5714,2,378636,63.402,126.803
1108,5716,2,379232,63.471,126.943
1109,5718,2,379807,63.539,127.077
1110,5720,2,380377,63.605,127.21
1111,5722,2,380951,63.672,127.344
1112,5724,2,381537,63.741,127.481
1113,5726,2,382106,63.807,127.614
1114,5728,2,382687,63.875,127.75
1115,5730,2,383268,63.943,127.885
1116,5732,2,383847,64.01,128.02
1117,5734,2,384430,64.078,128.156
1118,5736,2,385009,64.146,128.291
1119,5738,2,385604,64.215,128.43
1120,5740,2,386180,64.282,128.564
1121,5742,2,386774,64.351,128.702
1122,5744,2,387350,64.418,128.836
1123,5746,2,387941,64.487,128.973
1124,5748,2,388542,64.556,129.113
1125,5750,2,389127,64.624,129.249
1126,5752,2,389714,64.692,129.385
1127,5754,2,390310,64.762,129.523
1128,5756,2,390904,64.83,129.661
1129,5758,2,391499,64.899,129.799
1130,5760,2,392099,64.969,129.938
1131,5762,2,392691,65.037,130.075
1132,5764,2,393303,65.108,130.217
1133,5766,2,393904,65.178,130.356
1134,5768,2,394490,65.246,130.491
1135,5770,2,395093,65.315,130.631
1136,5772,2,395684,65.384,130.767
1137,5774,2,396294,65.454,130.908
1138,5776,2,396909,65.525,131.05
1139,5778,2,397499,65.593,131.186
1140,5780,2,398118,65.664,131.329
1141,5782,2,398644,65.725,131.45
1142,5784,2,399251,65.795,131.59
1143,5786,2,399823,65.861,131.722
1144,5788,2,400440,65.932,131.864
1145,5790,2,401060,66.003,132.006
1146,5792,2,401674,66.074,132.148
1147,5794,2,402284,66.144,132.288
1148,5796,2,402886,66.213,132.426
1149,5798,2,403498,66.283,132.567
1150,5800,2,404114,66.354,132.708
1151,5801,1,404421,66.389,66.389
1152,5802,1,404729,66.425,66.425
1153,5803,1,405025,66.459,66.459
1154,5804,1,405332,66.494,66.494
1155,5805,1,405652,66.531,66.531
1156,5806,1,405946,66.564,66.564
1157,5807,1,406251,66.599,66.599
1158,5808,1,406571,66.636,66.636
1159,5809,1,406876,66.671,66.671
1160,5810,1,407188,66.707,66.707
1161,5811,1,407500,66.742,66.742
1162,5812,1,407811,66.778,66.778
1163,5813,1,408115,66.813,66.813
1164,5814,1,408417,66.847,66.847
1165,5815,1,408739,66.884,66.884
1166,5816,1,409034,66.918,66.918
1167,5817,1,409352,66.954,66.954
1168,5818,1,409658,66.989,66.989
1169,5819,1,409972,67.025,67.025
1170,5820,1,410295,67.062,67.062
1171,5821,1,410593,67.096,67.096
1172,5822,1,410917,67.133,67.133
1173,5823,1,411212,67.167,67.167
1174,5824,1,411537,67.204,67.204
1175,5825,1,411860,67.241,67.241
1176,5826,1,412171,67.276,67.276
1177,5827,1,412469,67.31,67.31
1178,5828,1,412789,67.347,67.347
1179,5829,1,413117,67.384,67.384
1180,5830,1,413423,67.419,67.419
1181,5831,1,413738,67.455,67.455
1182,5832,1,414051,67.49,67.49
1183,5833,1,414363,67.526,67.526
1184,5834,1,414683,67.562,67.562
1185,5835,1,414988,67.597,67.597
1186,5836,1,415309,67.634,67.634
1187,5837,1,415629,67.67,67.67
1188,5838,1,415946,67.706,67.706
1189,5839,1,416268,67.743,67.743
1190,5840,1,416581,67.778,67.778
1191,5841,1,416890,67.814,67.814
1192,5842,1,417213,67.85,67.85
1193,5843,1,417517,67.885,67.885
1194,5844,1,417845,67.922,67.922
1195,5845,1,418169,67.959,67.959
1196,5846,1,418486,67.995,67.995
1197,5847,1,418780,68.028,68.028
1198,5848,1,419095,68.064,68.064
1199,5849,1,419393,68.098,68.098
1200,5850,1,419674,68.13,68.13
1201,5851,1,419951,68.161,68.161
1202,5852,1,420253,68.195,68.195
1203,5853,1,420569,68.231,68.231
1204,5854,1,420898,68.269,68.269
1205,5855,1,421224,68.306,68.306
1206,5856,1,421549,68.342,68.342
1207,5857,1,421868,68.379,68.379
1208,5858,1,422186,68.415,68.415
1209,5859,1,422516,68.452,68.452
1210,5860,1,422837,68.488,68.488
1211,5861,1,423163,68.525,68.525
1212,5862,1,423485,68.562,68.562
1213,5863,1,423805,68.598,68.598
1214,5864,1,424133,68.635,68.635
1215,5865,1,424449,68.671,68.671
1216,5866,1,424767,68.707,68.707
1217,5867,1,425083,68.742,68.742
1218,5868,1,425410,68.779,68.779
1219,5869,1,425731,68.816,68.816
1220,5870,1,426062,68.853,68.853
1221,5871,1,426378,68.889,68.889
1222,5872,1,426704,68.925,68.925
1223,5873,1,427020,68.961,68.961
1224,5874,1,427355,68.999,68.999
1225,5875,1,427667,69.034,69.034
1226,5876,1,427985,69.07,69.07
1227,5877,1,428322,69.108,69.108
1228,5878,1,428645,69.144,69.144
1229,5879,1,428965,69.181,69.181
1230,5880,1,429300,69.218,69.218
1231,5881,1,429611,69.253,69.253
1232,5882,1,429952,69.292,69.292
1233,5883,1,430267,69.327,69.327
1234,5884,1,430595,69.364,69.364
1235,5885,1,430926,69.401,69.401
1236,5886,1,431256,69.439,69.439
1237,5887,1,431574,69.474,69.474
1238,5888,1,431905,69.512,69.512
1239,5889,1,432226,69.548,69.548
1240,5890,1,432568,69.586,69.586
1241,5891,1,432891,69.622,69.622
1242,5892,1,433224,69.66,69.66
1243,5893,1,433548,69.696,69.696
1244,5894,1,433890,69.735,69.735
1245,5895,1,434211,69.771,69.771
1246,5896,1,434545,69.808,69.808
1247,5897,1,434871,69.845,69.845
1248,5898,1,435193,69.881,69.881
1249,5899,1,435531,69.919,69.919
1250,5900,1,435874,69.957,69.957
1251,5901,1,436196,69.994,69.994
1252,5902,1,436500,70.028,70.028
1253,5903,1,436834,70.065,70.065
1254,5904,1,437155,70.101,70.101
1255,5905,1,437480,70.138,70.138
1256,5906,1,437802,70.174,70.174
1257,5907,1,438145,70.212,70.212
1258,5908,1,438493,70.251,70.251
1259,5909,1,438817,70.287,70.287
1260,5910,1,439163,70.326,70.326
1261,5911,1,439493,70.363,70.363
1262,5912,1,439823,70.4,70.4
1263,5913,1,440158,70.437,70.437
1264,5914,1,440496,70.475,70.475
1265,5915,1,440830,70.513,70.513
1266,5916,1,441164,70.55,70.55
1267,5917,1,441498,70.587,70.587
1268,5918,1,441836,70.625,70.625
1269,5919,1,442169,70.662,70.662
1270,5920,1,442503,70.699,70.699
1271,5920,0.5,442663,70.717,35.359
1272,5921,0.5,442796,70.732,35.366
1273,5921,0.5,442973,70.752,35.376
1274,5922,0.5,443139,70.77,35.385
1275,5922,0.5,443306,70.789,35.395
1276,5923,0.5,443477,70.808,35.404
1277,5923,0.5,443647,70.827,35.414
1278,5924,0.5,443822,70.847,35.423
1279,5924,0.5,443993,70.866,35.433
1280,5925,0.5,444160,70.884,35.442
1281,5925,0.5,444334,70.904,35.452
1282,5926,0.5,444487,70.921,35.46
1283,5926,0.5,444665,70.941,35.47
1284,5927,0.5,444826,70.959,35.479
1285,5927,0.5,444998,70.978,35.489
1286,5928,0.5,445161,70.996,35.498
1287,5928,0.5,445340,71.016,35.508
1288,5929,0.5,445515,71.035,35.518
1289,5929,0.5,445682,71.054,35.527
1290,5930,0.5,445852,71.073,35.537
1291,5930,0.5,446020,71.092,35.546
1292,5931,0.5,446185,71.11,35.555
1293,5931,0.5,446340,71.127,35.564
1294,5932,0.5,446523,71.148,35.574
1295,5932,0.5,446697,71.167,35.584
1296,5933,0.5,446858,71.185,35.593
1297,5933,0.5,447039,71.205,35.603
1298,5934,0.5,447194,71.222,35.611
1299,5934,0.5,447383,71.244,35.622
1300,5935,0.5,447540,71.261,35.631
1301,5935,0.5,447717,71.281,35.64
1302,5936,0.5,447893,71.3,35.65
1303,5936,0.5,448053,71.318,35.659
1304,5937,0.5,448228,71.338,35.669
1305,5937,0.5,448390,71.356,35.678
1306,5938,0.5,448565,71.375,35.688
1307,5938,0.5,448744,71.395,35.697
1308,5939,0.5,448911,71.414,35.707
1309,5939,0.5,449088,71.433,35.717
1310,5940,0.5,449235,71.45,35.725
1311,5940,0.5,449405,71.468,35.734
1312,5941,0.5,449601,71.49,35.745
1313,5941,0.5,449752,71.507,35.754
1314,5942,0.5,449929,71.527,35.763
1315,5942,0.5,450102,71.546,35.773
1316,5943,0.5,450273,71.565,35.782
1317,5943,0.5,450445,71.584,35.792
1318,5944,0.5,450607,71.602,35.801
1319,5944,0.5,450782,71.621,35.811
1320,5945,0.5,450969,71.642,35.821
1321,5945,0.5,451134,71.661,35.83
1322,5946,0.5,451303,71.679,35.84
1323,5946,0.5,451477,71.699,35.849
1324,5947,0.5,451644,71.717,35.859
1325,5947,0.5,451795,71.734,35.867
1326,5948,0.5,451947,71.751,35.875
1327,5948,0.5,452119,71.77,35.885
1328,5949,0.5,452297,71.79,35.895
1329,5949,0.5,452457,71.807,35.904
1330,5950,0.5,452634,71.827,35.913
1331,5950,0.5,452806,71.846,35.923
1332,5951,0.5,452972,71.864,35.932
1333,5951,0.5,453155,71.885,35.942
1334,5952,0.5,453306,71.902,35.951
1335,5952,0.5,453469,71.92,35.96
1336,5953,0.5,453619,71.936,35.968
1337,5953,0.5,453798,71.956,35.978
1338,5954,0.5,453976,71.976,35.988
1339,5954,0.5,454139,71.994,35.997
1340,5955,0.5,454321,72.014,36.007
1341,5955,0.5,454492,72.033,36.016
1342,5956,0.5,454658,72.051,36.026
1343,5956,0.5,454838,72.071,36.036
1344,5957,0.5,455015,72.091,36.045
1345,5957,0.5,455192,72.11,36.055
1346,5958,0.5,455361,72.129,36.065
1347,5958,0.5,455543,72.149,36.075
1348,5959,0.5,455663,72.163,36.081
1349,5959,0.5,455819,72.18,36.09
1350,5960,0.5,455986,72.198,36.099
1351,5960,0.5,456152,72.217,36.108
1352,5961,0.5,456294,72.232,36.116
1353,5961,0.5,456459,72.251,36.125
1354,5962,0.5,456549,72.261,36.13
1355,5962,0.5,456726,72.28,36.14
1356,5963,0.5,456895,72.299,36.149
1357,5963,0.5,457079,72.319,36.16
1358,5964,0.5,457257,72.339,36.169
1359,5964,0.5,457432,72.358,36.179
1360,5965,0.5,457592,72.376,36.188
1361,5965,0.5,457775,72.396,36.198
1362,5966,0.5,457937,72.414,36.207
1363,5966,0.5,458122,72.435,36.217
1364,5967,0.5,458291,72.453,36.227
1365,5967,0.5,458470,72.473,36.237
1366,5968,0.5,458663,72.494,36.247
1367,5968,0.5,458826,72.512,36.256
1368,5969,0.5,459014,72.533,36.267
1369,5969,0.5,459166,72.55,36.275
1370,5970,0.5,459352,72.57,36.285
1371,5970,0.5,459532,72.59,36.295
1372,5971,0.5,459704,72.609,36.305
1373,5971,0.5,459880,72.629,36.314
1374,5972,0.5,460054,72.648,36.324
1375,5972,0.5,460225,72.667,36.333
1376,5973,0.5,460409,72.687,36.344
1377,5973,0.5,460576,72.706,36.353
1378,5974,0.5,460742,72.724,36.362
1379,5974,0.5,460926,72.744,36.372
1380,5975,0.5,461097,72.763,36.382
1381,5975,0.5,461270,72.782,36.391
1382,5976,0.5,461445,72.801,36.401
1383,5976,0.5,461628,72.822,36.411
1384,5977,0.5,461806,72.841,36.421
1385,5977,0.5,461978,72.86,36.43
1386,5978,0.5,462151,72.879,36.44
1387,5978,0.5,462331,72.899,36.45
1388,5979,0.5,462497,72.917,36.459
1389,5979,0.5,462674,72.937,36.468
1390,5980,0.5,462837,72.955,36.477
1391,5980,0.5,463018,72.975,36.487
1392,5981,0.5,463185,72.993,36.497
1393,5981,0.5,463376,73.014,36.507
1394,5982,0.5,463538,73.032,36.516
1395,5982,0.5,463712,73.051,36.526
1396,5983,0.5,463901,73.072,36.536
1397,5983,0.5,464052,73.089,36.544
1398,5984,0.5,464230,73.108,36.554
1399,5984,0.5,464419,73.129,36.565
1400,5985,0.5,464585,73.147,36.574
1401,5985,0.5,464760,73.167,36.583
1402,5986,0.5,464949,73.187,36.594
1403,5986,0.5,465127,73.207,36.603
1404,5987,0.5,465292,73.225,36.613
1405,5987,0.5,465460,73.244,36.622
1406,5988,0.5,465645,73.264,36.632
1407,5988,0.5,465814,73.283,36.641
1408,5989,0.5,466001,73.303,36.652
1409,5989,0.5,466164,73.321,36.661
1410,5990,0.5,466343,73.341,36.67
1411,5990,0.5,466519,73.36,36.68
1412,5991,0.5,466700,73.38,36.69
1413,5991,0.5,466883,73.4,36.7
1414,5992,0.5,467057,73.419,36.71
1415,5992,0.5,467231,73.438,36.719
1416,5993,0.5,467409,73.458,36.729
1417,5993,0.5,467579,73.477,36.738
1418,5994,0.5,467761,73.497,36.748
1419,5994,0.5,467935,73.516,36.758
1420,5995,0.5,468115,73.535,36.768
1421,5995,0.5,468287,73.554,36.777
1422,5996,0.5,468461,73.573,36.787
1423,5996,0.5,468647,73.594,36.797
1424,5997,0.5,468828,73.614,36.807
1425,5997,0.5,468995,73.632,36.816
1426,5998,0.5,469187,73.653,36.827
1427,5998,0.5,469362,73.672,36.836
1428,5999,0.5,469532,73.691,36.845
1429,5999,0.5,469718,73.711,36.856
1430,6000,0.5,469895,73.731,36.865
1431,6000,0.5,470074,73.75,36.875
1432,6001,0.5,470244,73.769,36.884
1433,6001,0.5,470429,73.789,36.895
1434,6002,0.5,470601,73.808,36.904
1435,6002,0.5,470779,73.828,36.914
1436,6003,0.5,470961,73.848,36.924
1437,6003,0.5,471136,73.867,36.933
1438,6004,0.5,471325,73.887,36.944
1439,6004,0.5,471500,73.907,36.953
1440,6005,0.5,471685,73.927,36.963
1441,6005,0.5,471864,73.947,36.973
1442,6006,0.5,472034,73.965,36.983
1443,6006,0.5,472223,73.986,36.993
1444,6007,0.5,472396,74.005,37.002
1445,6007,0.5,472574,74.024,37.012
1446,6008,0.5,472762,74.045,37.022
1447,6008,0.5,472954,74.066,37.033
1448,6009,0.5,473118,74.084,37.042
1449,6009,0.5,473300,74.104,37.052
1450,6010,0.5,473478,74.123,37.062
1451,6010,0.5,473664,74.144,37.072
1452,6011,0.5,473834,74.162,37.081
1453,6011,0.5,474021,74.183,37.091
1454,6012,0.5,474203,74.203,37.101
1455,6012,0.5,474379,74.222,37.111
1456,6013,0.5,474561,74.242,37.121
1457,6013,0.5,474748,74.262,37.131
1458,6014,0.5,474918,74.281,37.14
1459,6014,0.5,475094,74.3,37.15
1460,6015,0.5,475289,74.321,37.161
1461,6015,0.5,475455,74.339,37.17
1462,6016,0.5,475648,74.361,37.18
1463,6016,0.5,475825,74.38,37.19
1464,6017,0.5,476009,74.4,37.2
1465,6017,0.5,476187,74.419,37.21
1466,6018,0.5,476373,74.44,37.22
1467,6018,0.5,476548,74.459,37.229
1468,6019,0.5,476731,74.479,37.239
1469,6019,0.5,476915,74.499,37.249
1470,6020,0.5,477089,74.518,37.259
1471,6020,0.5,477263,74.537,37.268
1472,6021,0.5,477429,74.555,37.278
1473,6021,0.5,477619,74.576,37.288
1474,6022,0.5,477765,74.592,37.296
1475,6022,0.5,477926,74.609,37.305
1476,6023,0.5,478096,74.628,37.314
1477,6023,0.5,478274,74.647,37.324
1478,6024,0.5,478465,74.668,37.334
1479,6024,0.5,478646,74.688,37.344
1480,6025,0.5,478795,74.704,37.352
1481,6025,0.5,478983,74.725,37.362
1482,6026,0.5,479151,74.743,37.371
1483,6026,0.5,479315,74.761,37.38
1484,6027,0.5,479494,74.78,37.39
1485,6027,0.5,479679,74.8,37.4
1486,6028,0.5,479865,74.821,37.41
1487,6028,0.5,480062,74.842,37.421
1488,6029,0.5,480240,74.862,37.431
1489,6029,0.5,480412,74.88,37.44
1490,6030,0.5,480609,74.902,37.451
1491,6030,0.5,480793,74.922,37.461
1492,6031,0.5,480979,74.942,37.471
1493,6031,0.5,481159,74.962,37.481
1494,6032,0.5,481348,74.982,37.491
1495,6032,0.5,481544,75.004,37.502
1496,6033,0.5,481720,75.023,37.511
1497,6033,0.5,481907,75.043,37.522
1498,6034,0.5,482074,75.061,37.531
1499,6034,0.5,482273,75.083,37.541
1500,6035,0.5,482440,75.101,37.551
1501,6035,0.5,482635,75.122,37.561
1502,6036,0.5,482819,75.142,37.571
1503,6036,0.5,482980,75.16,37.58
1504,6037,0.5,483174,75.181,37.59
1505,6037,0.5,483369,75.202,37.601
1506,6038,0.5,483541,75.221,37.61
1507,6038,0.5,483729,75.241,37.621
1508,6039,0.5,483914,75.261,37.631
1509,6039,0.5,484097,75.281,37.641
1510,6040,0.5,484274,75.301,37.65
1511,6040,0.5,484461,75.321,37.66
1512,6041,0.5,484639,75.34,37.67
1513,6041,0.5,484827,75.361,37.68
1514,6042,0.5,485003,75.38,37.69
1515,6042,0.5,485208,75.402,37.701
1516,6043,0.5,485376,75.42,37.71
1517,6043,0.5,485571,75.441,37.721
1518,6044,0.5,485745,75.46,37.73
1519,6044,0.5,485925,75.48,37.74
1520,6045,0.5,486108,75.5,37.75
1521,6045,0.5,486294,75.52,37.76
1522,6046,0.5,486489,75.541,37.771
1523,6046,0.5,486663,75.56,37.78
1524,6047,0.5,486863,75.582,37.791
1525,6047,0.5,487047,75.602,37.801
1526,6048,0.5,487218,75.62,37.81
1527,6048,0.5,487412,75.641,37.821
1528,6049,0.5,487594,75.661,37.831
1529,6049,0.5,487776,75.681,37.84
1530,6050,0.5,487962,75.701,37.85
1531,6050,0.5,488140,75.72,37.86
1532,6051,0.5,488324,75.74,37.87
1533,6051,0.5,488515,75.761,37.88
1534,6052,0.5,488700,75.781,37.89
1535,6052,0.5,488882,75.801,37.9
1536,6053,0.5,489069,75.821,37.91
1537,6053,0.5,489257,75.841,37.921
1538,6054,0.5,489438,75.861,37.93
1539,6054,0.5,489635,75.882,37.941
1540,6055,0.5,489806,75.901,37.95
1541,6055,0.5,489999,75.922,37.961
1542,6056,0.5,490160,75.939,37.97
1543,6056,0.5,490313,75.956,37.978
1544,6057,0.5,490464,75.972,37.986
1545,6057,0.5,490632,75.99,37.995
1546,6058,0.5,490828,76.011,38.006
1547,6058,0.5,490985,76.028,38.014
1548,6059,0.5,491169,76.048,38.024
1549,6059,0.5,491356,76.069,38.034
1550,6060,0.5,491546,76.089,38.045
1551,6060,0.5,491743,76.11,38.055
1552,6061,0.5,491928,76.13,38.065
1553,6061,0.5,492118,76.151,38.076
1554,6062,0.5,492306,76.171,38.086
1555,6062,0.5,492496,76.192,38.096
1556,6063,0.5,492688,76.213,38.106
1557,6063,0.5,492873,76.233,38.116
1558,6064,0.5,493061,76.253,38.126
1559,6064,0.5,493236,76.272,38.136
1560,6065,0.5,493428,76.293,38.146
1561,6065,0.5,493629,76.314,38.157
1562,6066,0.5,493818,76.335,38.167
1563,6066,0.5,494007,76.355,38.178
1564,6067,0.5,494191,76.375,38.188
1565,6067,0.5,494379,76.395,38.198
1566,6068,0.5,494580,76.417,38.209
1567,6068,0.5,494752,76.436,38.218
1568,6069,0.5,494946,76.457,38.228
1569,6069,0.5,495130,76.476,38.238
1570,6070,0.5,495324,76.497,38.249
1571,6070,0.5,495499,76.516,38.258
1572,6071,0.5,495688,76.537,38.268
1573,6071,0.5,495877,76.557,38.279
1574,6072,0.5,496072,76.578,38.289
1575,6072,0.5,496249,76.597,38.299
1576,6073,0.5,496450,76.619,38.309
1577,6073,0.5,496643,76.64,38.32
1578,6074,0.5,496791,76.656,38.328
1579,6074,0.5,496996,76.678,38.339
1580,6075,0.5,497184,76.698,38.349
1581,6075,0.5,497363,76.717,38.359
1582,6076,0.5,497553,76.738,38.369
1583,6076,0.5,497739,76.758,38.379
1584,6077,0.5,497826,76.767,38.384
1585,6077,0.5,497955,76.781,38.391
1586,6078,0.5,498075,76.794,38.397
1587,6078,0.5,498141,76.801,38.401
1588,6079,0.5,498192,76.807,38.403
1589,6079,0.5,498358,76.825,38.412
1590,6080,0.5,498569,76.847,38.424
1591,6080,0.5,498770,76.869,38.435
1592,6081,0.5,498974,76.891,38.446
1593,6081,0.5,499180,76.913,38.457
1594,6082,0.5,499324,76.929,38.464
1595,6082,0.5,499545,76.952,38.476
1596,6083,0.5,499712,76.97,38.485
1597,6083,0.5,499889,76.99,38.495
1598,6084,0.5,500068,77.009,38.504
1599,6084,0.5,500229,77.026,38.513
1600,6085,0.5,500417,77.046,38.523
1601,6085,0.5,500573,77.063,38.532
1602,6086,0.5,500719,77.079,38.539
1603,6086,0.5,500863,77.094,38.547
1604,6087,0.5,501060,77.116,38.558
1605,6087,0.5,501260,77.137,38.569
1606,6088,0.5,501454,77.158,38.579
1607,6088,0.5,501648,77.179,38.589
1608,6089,0.5,501849,77.2,38.6
1609,6089,0.5,502040,77.221,38.61
1610,6090,0.5,502235,77.242,38.621
1611,6090,0.5,502431,77.263,38.631
1612,6091,0.5,502613,77.283,38.641
1613,6091,0.5,502822,77.305,38.652
1614,6092,0.5,502997,77.324,38.662
1615,6092,0.5,503196,77.345,38.673
1616,6093,0.5,503392,77.366,38.683
1617,6093,0.5,503581,77.387,38.693
1618,6094,0.5,503764,77.406,38.703
1619,6094,0.5,503963,77.428,38.714
1620,6095,0.5,504142,77.447,38.723
1621,6095,0.5,504331,77.467,38.734
1622,6096,0.5,504521,77.487,38.744
1623,6096,0.5,504713,77.508,38.754
1624,6097,0.5,504891,77.527,38.764
1625,6097,0.5,505075,77.547,38.773
1626,6098,0.5,505269,77.568,38.784
1627,6098,0.5,505475,77.59,38.795
1628,6099,0.5,505651,77.609,38.804
1629,6099,0.5,505843,77.629,38.815
1630,6100,0.5,506031,77.65,38.825
